{
  "model_type": "IsolationForest",
  "n_estimators": 100,
  "contamination": 0.1,
  "threshold": 0.33325958028140773,
  "score_min": 0.3272863932707315,
  "score_max": 0.7166323749491311
}